Approach,Category,F1 Mean,F1 Std,F1 CI95 Low,F1 CI95 High,F1 p-value vs Best,Accuracy Mean,ROC-AUC Mean,PR-AUC Mean,Train Time Mean,Inference Time Mean,Run Success Rate,Out Of Budget Rate
Linear (Logistic Regression),linear,0.5,0.0,0.5,0.5,1.0,0.8,0.8199303598076605,0.5946166447988055,0.2214980125427246,0.0,1.0,0.0
Rule-Based Thresholding,rule_based,0.46808510638297873,0.0,0.46808510638297873,0.46808510638297873,,0.75,0.7875974133642846,0.6057420814395007,0.0,0.0,1.0,0.0
Tree-Based (Random Forest),tree,0.0,0.0,0.0,0.0,,0.815,0.8076604211573537,0.505816477310465,0.11840581893920898,0.07493114471435547,1.0,0.0
