{
  "approaches": [
    {
      "name": "Rule-Based Thresholding",
      "category": "rule_based",
      "success_rate": 1.0,
      "budget_summary": {
        "train_time_cap_seconds": 30.0,
        "memory_cap_mb": 4096.0,
        "tuning_trials_cap": 0,
        "out_of_budget_count": 0,
        "out_of_budget_rate": 0.0
      },
      "metrics_summary": {
        "accuracy": {
          "mean": 0.75,
          "std": 0.0,
          "n": 1,
          "sem": 0.0,
          "ci95_low": 0.75,
          "ci95_high": 0.75
        },
        "precision": {
          "mean": 0.38596491228070173,
          "std": 0.0,
          "n": 1,
          "sem": 0.0,
          "ci95_low": 0.38596491228070173,
          "ci95_high": 0.38596491228070173
        },
        "recall": {
          "mean": 0.5945945945945946,
          "std": 0.0,
          "n": 1,
          "sem": 0.0,
          "ci95_low": 0.5945945945945946,
          "ci95_high": 0.5945945945945946
        },
        "f1": {
          "mean": 0.46808510638297873,
          "std": 0.0,
          "n": 1,
          "sem": 0.0,
          "ci95_low": 0.46808510638297873,
          "ci95_high": 0.46808510638297873
        },
        "roc_auc": {
          "mean": 0.7875974133642846,
          "std": 0.0,
          "n": 1,
          "sem": 0.0,
          "ci95_low": 0.7875974133642846,
          "ci95_high": 0.7875974133642846
        },
        "pr_auc": {
          "mean": 0.6057420814395007,
          "std": 0.0,
          "n": 1,
          "sem": 0.0,
          "ci95_low": 0.6057420814395007,
          "ci95_high": 0.6057420814395007
        }
      },
      "timing_summary": {
        "training_time": {
          "mean": 0.0,
          "std": 0.0,
          "n": 1,
          "sem": 0.0,
          "ci95_low": 0.0,
          "ci95_high": 0.0
        },
        "inference_time": {
          "mean": 0.0,
          "std": 0.0,
          "n": 1,
          "sem": 0.0,
          "ci95_low": 0.0,
          "ci95_high": 0.0
        }
      },
      "success": true,
      "significance_vs_best": {
        "best_approach": "Linear (Logistic Regression)",
        "best_mean": 0.5,
        "higher_is_better": true,
        "alpha": 0.05,
        "is_best": false,
        "mean_diff_vs_best": -0.03191489361702127,
        "p_value": null,
        "cohens_d_vs_best": null,
        "significantly_better_than_best": false
      }
    },
    {
      "name": "Linear (Logistic Regression)",
      "category": "linear",
      "success_rate": 1.0,
      "budget_summary": {
        "train_time_cap_seconds": 30.0,
        "memory_cap_mb": 4096.0,
        "tuning_trials_cap": 0,
        "out_of_budget_count": 0,
        "out_of_budget_rate": 0.0
      },
      "metrics_summary": {
        "accuracy": {
          "mean": 0.8,
          "std": 0.0,
          "n": 1,
          "sem": 0.0,
          "ci95_low": 0.8,
          "ci95_high": 0.8
        },
        "precision": {
          "mean": 0.46511627906976744,
          "std": 0.0,
          "n": 1,
          "sem": 0.0,
          "ci95_low": 0.46511627906976744,
          "ci95_high": 0.46511627906976744
        },
        "recall": {
          "mean": 0.5405405405405406,
          "std": 0.0,
          "n": 1,
          "sem": 0.0,
          "ci95_low": 0.5405405405405406,
          "ci95_high": 0.5405405405405406
        },
        "f1": {
          "mean": 0.5,
          "std": 0.0,
          "n": 1,
          "sem": 0.0,
          "ci95_low": 0.5,
          "ci95_high": 0.5
        },
        "roc_auc": {
          "mean": 0.8199303598076605,
          "std": 0.0,
          "n": 1,
          "sem": 0.0,
          "ci95_low": 0.8199303598076605,
          "ci95_high": 0.8199303598076605
        },
        "pr_auc": {
          "mean": 0.5946166447988055,
          "std": 0.0,
          "n": 1,
          "sem": 0.0,
          "ci95_low": 0.5946166447988055,
          "ci95_high": 0.5946166447988055
        }
      },
      "timing_summary": {
        "training_time": {
          "mean": 0.2214980125427246,
          "std": 0.0,
          "n": 1,
          "sem": 0.0,
          "ci95_low": 0.2214980125427246,
          "ci95_high": 0.2214980125427246
        },
        "inference_time": {
          "mean": 0.0,
          "std": 0.0,
          "n": 1,
          "sem": 0.0,
          "ci95_low": 0.0,
          "ci95_high": 0.0
        }
      },
      "success": true,
      "significance_vs_best": {
        "best_approach": "Linear (Logistic Regression)",
        "best_mean": 0.5,
        "higher_is_better": true,
        "alpha": 0.05,
        "is_best": true,
        "mean_diff_vs_best": 0.0,
        "p_value": 1.0,
        "cohens_d_vs_best": 0.0,
        "significantly_better_than_best": false
      }
    },
    {
      "name": "Tree-Based (Random Forest)",
      "category": "tree",
      "success_rate": 1.0,
      "budget_summary": {
        "train_time_cap_seconds": 30.0,
        "memory_cap_mb": 4096.0,
        "tuning_trials_cap": 0,
        "out_of_budget_count": 0,
        "out_of_budget_rate": 0.0
      },
      "metrics_summary": {
        "accuracy": {
          "mean": 0.815,
          "std": 0.0,
          "n": 1,
          "sem": 0.0,
          "ci95_low": 0.815,
          "ci95_high": 0.815
        },
        "precision": {
          "mean": 0.0,
          "std": 0.0,
          "n": 1,
          "sem": 0.0,
          "ci95_low": 0.0,
          "ci95_high": 0.0
        },
        "recall": {
          "mean": 0.0,
          "std": 0.0,
          "n": 1,
          "sem": 0.0,
          "ci95_low": 0.0,
          "ci95_high": 0.0
        },
        "f1": {
          "mean": 0.0,
          "std": 0.0,
          "n": 1,
          "sem": 0.0,
          "ci95_low": 0.0,
          "ci95_high": 0.0
        },
        "roc_auc": {
          "mean": 0.8076604211573537,
          "std": 0.0,
          "n": 1,
          "sem": 0.0,
          "ci95_low": 0.8076604211573537,
          "ci95_high": 0.8076604211573537
        },
        "pr_auc": {
          "mean": 0.505816477310465,
          "std": 0.0,
          "n": 1,
          "sem": 0.0,
          "ci95_low": 0.505816477310465,
          "ci95_high": 0.505816477310465
        }
      },
      "timing_summary": {
        "training_time": {
          "mean": 0.11840581893920898,
          "std": 0.0,
          "n": 1,
          "sem": 0.0,
          "ci95_low": 0.11840581893920898,
          "ci95_high": 0.11840581893920898
        },
        "inference_time": {
          "mean": 0.07493114471435547,
          "std": 0.0,
          "n": 1,
          "sem": 0.0,
          "ci95_low": 0.07493114471435547,
          "ci95_high": 0.07493114471435547
        }
      },
      "success": true,
      "significance_vs_best": {
        "best_approach": "Linear (Logistic Regression)",
        "best_mean": 0.5,
        "higher_is_better": true,
        "alpha": 0.05,
        "is_best": false,
        "mean_diff_vs_best": -0.5,
        "p_value": null,
        "cohens_d_vs_best": null,
        "significantly_better_than_best": false
      }
    }
  ]
}