Approach,Category,NDCG@10 Mean,NDCG@10 Std,NDCG@10 CI95 Low,NDCG@10 CI95 High,Recall@10 Mean,MRR Mean,Training Time Mean (s),Run Success Rate,NDCG@10 p-value vs Best
Popularity-Based,popularity,0.01874058755165774,0.0,0.01874058755165774,0.01874058755165774,0.43780952380952387,0.01752176272791045,0.0010831356048583984,1.0,
User-Based CF,collaborative_filtering,0.014784002624489137,0.0,0.014784002624489137,0.014784002624489137,0.43441904761904765,0.015228218373596523,0.017297744750976562,1.0,
Matrix Factorization (SVD),matrix_factorization,0.025151919692192326,0.0,0.025151919692192326,0.025151919692192326,0.45380952380952383,0.023907499449295114,0.01454925537109375,1.0,1.0
