{
  "approaches": [
    {
      "name": "Popularity-Based",
      "category": "popularity",
      "success_rate": 1.0,
      "metrics_summary": {
        "precision@5": {
          "mean": 0.0032,
          "std": 0.0,
          "n": 1,
          "sem": 0.0,
          "ci95_low": 0.0032,
          "ci95_high": 0.0032
        },
        "recall@5": {
          "mean": 0.41809523809523813,
          "std": 0.0,
          "n": 1,
          "sem": 0.0,
          "ci95_low": 0.41809523809523813,
          "ci95_high": 0.41809523809523813
        },
        "f1@5": {
          "mean": 0.006351388009765802,
          "std": 0.0,
          "n": 1,
          "sem": 0.0,
          "ci95_low": 0.006351388009765802,
          "ci95_high": 0.006351388009765802
        },
        "precision@10": {
          "mean": 0.004,
          "std": 0.0,
          "n": 1,
          "sem": 0.0,
          "ci95_low": 0.004,
          "ci95_high": 0.004
        },
        "recall@10": {
          "mean": 0.43780952380952387,
          "std": 0.0,
          "n": 1,
          "sem": 0.0,
          "ci95_low": 0.43780952380952387,
          "ci95_high": 0.43780952380952387
        },
        "f1@10": {
          "mean": 0.007927570597111445,
          "std": 0.0,
          "n": 1,
          "sem": 0.0,
          "ci95_low": 0.007927570597111445,
          "ci95_high": 0.007927570597111445
        },
        "precision@20": {
          "mean": 0.004285714285714286,
          "std": 0.0,
          "n": 1,
          "sem": 0.0,
          "ci95_low": 0.004285714285714286,
          "ci95_high": 0.004285714285714286
        },
        "recall@20": {
          "mean": 0.4690857142857143,
          "std": 0.0,
          "n": 1,
          "sem": 0.0,
          "ci95_low": 0.4690857142857143,
          "ci95_high": 0.4690857142857143
        },
        "f1@20": {
          "mean": 0.008493826308891497,
          "std": 0.0,
          "n": 1,
          "sem": 0.0,
          "ci95_low": 0.008493826308891497,
          "ci95_high": 0.008493826308891497
        },
        "ndcg@5": {
          "mean": 0.012127232013954036,
          "std": 0.0,
          "n": 1,
          "sem": 0.0,
          "ci95_low": 0.012127232013954036,
          "ci95_high": 0.012127232013954036
        },
        "ndcg@10": {
          "mean": 0.01874058755165774,
          "std": 0.0,
          "n": 1,
          "sem": 0.0,
          "ci95_low": 0.01874058755165774,
          "ci95_high": 0.01874058755165774
        },
        "ndcg@20": {
          "mean": 0.027272513844428182,
          "std": 0.0,
          "n": 1,
          "sem": 0.0,
          "ci95_low": 0.027272513844428182,
          "ci95_high": 0.027272513844428182
        },
        "mrr": {
          "mean": 0.01752176272791045,
          "std": 0.0,
          "n": 1,
          "sem": 0.0,
          "ci95_low": 0.01752176272791045,
          "ci95_high": 0.01752176272791045
        },
        "hit_rate@5": {
          "mean": 0.016,
          "std": 0.0,
          "n": 1,
          "sem": 0.0,
          "ci95_low": 0.016,
          "ci95_high": 0.016
        },
        "hit_rate@10": {
          "mean": 0.04,
          "std": 0.0,
          "n": 1,
          "sem": 0.0,
          "ci95_low": 0.04,
          "ci95_high": 0.04
        },
        "hit_rate@20": {
          "mean": 0.08457142857142858,
          "std": 0.0,
          "n": 1,
          "sem": 0.0,
          "ci95_low": 0.08457142857142858,
          "ci95_high": 0.08457142857142858
        },
        "coverage": {
          "mean": 0.10362694300518134,
          "std": 0.0,
          "n": 1,
          "sem": 0.0,
          "ci95_low": 0.10362694300518134,
          "ci95_high": 0.10362694300518134
        }
      },
      "timing_summary": {
        "training_time": {
          "mean": 0.0010831356048583984,
          "std": 0.0,
          "n": 1,
          "sem": 0.0,
          "ci95_low": 0.0010831356048583984,
          "ci95_high": 0.0010831356048583984
        },
        "inference_time": {
          "mean": 0.0005266666412353516,
          "std": 0.0,
          "n": 1,
          "sem": 0.0,
          "ci95_low": 0.0005266666412353516,
          "ci95_high": 0.0005266666412353516
        }
      },
      "budget_summary": {
        "train_time_cap_seconds": 30.0,
        "memory_cap_mb": 4096.0,
        "tuning_trials_cap": 0,
        "out_of_budget_count": 0,
        "out_of_budget_rate": 0.0
      },
      "success": true,
      "significance_vs_best": {
        "best_approach": "Matrix Factorization (SVD)",
        "best_mean": 0.025151919692192326,
        "higher_is_better": true,
        "alpha": 0.05,
        "is_best": false,
        "mean_diff_vs_best": -0.006411332140534586,
        "p_value": null,
        "cohens_d_vs_best": null,
        "significantly_better_than_best": false
      }
    },
    {
      "name": "User-Based CF",
      "category": "collaborative_filtering",
      "success_rate": 1.0,
      "metrics_summary": {
        "precision@5": {
          "mean": 0.0036571428571428575,
          "std": 0.0,
          "n": 1,
          "sem": 0.0,
          "ci95_low": 0.0036571428571428575,
          "ci95_high": 0.0036571428571428575
        },
        "recall@5": {
          "mean": 0.4173333333333333,
          "std": 0.0,
          "n": 1,
          "sem": 0.0,
          "ci95_low": 0.4173333333333333,
          "ci95_high": 0.4173333333333333
        },
        "f1@5": {
          "mean": 0.007250746538774773,
          "std": 0.0,
          "n": 1,
          "sem": 0.0,
          "ci95_low": 0.007250746538774773,
          "ci95_high": 0.007250746538774773
        },
        "precision@10": {
          "mean": 0.004228571428571429,
          "std": 0.0,
          "n": 1,
          "sem": 0.0,
          "ci95_low": 0.004228571428571429,
          "ci95_high": 0.004228571428571429
        },
        "recall@10": {
          "mean": 0.43441904761904765,
          "std": 0.0,
          "n": 1,
          "sem": 0.0,
          "ci95_low": 0.43441904761904765,
          "ci95_high": 0.43441904761904765
        },
        "f1@10": {
          "mean": 0.008375615838414919,
          "std": 0.0,
          "n": 1,
          "sem": 0.0,
          "ci95_low": 0.008375615838414919,
          "ci95_high": 0.008375615838414919
        },
        "precision@20": {
          "mean": 0.005085714285714286,
          "std": 0.0,
          "n": 1,
          "sem": 0.0,
          "ci95_low": 0.005085714285714286,
          "ci95_high": 0.005085714285714286
        },
        "recall@20": {
          "mean": 0.4796952380952381,
          "std": 0.0,
          "n": 1,
          "sem": 0.0,
          "ci95_low": 0.4796952380952381,
          "ci95_high": 0.4796952380952381
        },
        "f1@20": {
          "mean": 0.010064722688415276,
          "std": 0.0,
          "n": 1,
          "sem": 0.0,
          "ci95_low": 0.010064722688415276,
          "ci95_high": 0.010064722688415276
        },
        "ndcg@5": {
          "mean": 0.008698209063743282,
          "std": 0.0,
          "n": 1,
          "sem": 0.0,
          "ci95_low": 0.008698209063743282,
          "ci95_high": 0.008698209063743282
        },
        "ndcg@10": {
          "mean": 0.014784002624489137,
          "std": 0.0,
          "n": 1,
          "sem": 0.0,
          "ci95_low": 0.014784002624489137,
          "ci95_high": 0.014784002624489137
        },
        "ndcg@20": {
          "mean": 0.026877080871228254,
          "std": 0.0,
          "n": 1,
          "sem": 0.0,
          "ci95_low": 0.026877080871228254,
          "ci95_high": 0.026877080871228254
        },
        "mrr": {
          "mean": 0.015228218373596523,
          "std": 0.0,
          "n": 1,
          "sem": 0.0,
          "ci95_low": 0.015228218373596523,
          "ci95_high": 0.015228218373596523
        },
        "hit_rate@5": {
          "mean": 0.018285714285714287,
          "std": 0.0,
          "n": 1,
          "sem": 0.0,