{
  "approaches": [
    {
      "name": "Exponential Smoothing",
      "category": "exponential_smoothing",
      "success_rate": 1.0,
      "metrics_summary": {
        "mae": {
          "mean": 58.17696924521741,
          "std": 0.0,
          "n": 1,
          "sem": 0.0,
          "ci95_low": 58.17696924521741,
          "ci95_high": 58.17696924521741
        },
        "mse": {
          "mean": 4533.522986529329,
          "std": 0.0,
          "n": 1,
          "sem": 0.0,
          "ci95_low": 4533.522986529329,
          "ci95_high": 4533.522986529329
        },
        "rmse": {
          "mean": 67.33144129252936,
          "std": 0.0,
          "n": 1,
          "sem": 0.0,
          "ci95_low": 67.33144129252936,
          "ci95_high": 67.33144129252936
        },
        "mape": {
          "mean": 11171.941092633262,
          "std": 0.0,
          "n": 1,
          "sem": 0.0,
          "ci95_low": 11171.941092633262,
          "ci95_high": 11171.941092633262
        },
        "smape": {
          "mean": 198.20709227196832,
          "std": 0.0,
          "n": 1,
          "sem": 0.0,
          "ci95_low": 198.20709227196832,
          "ci95_high": 198.20709227196832
        },
        "mase": {
          "mean": 30.44136804049133,
          "std": 0.0,
          "n": 1,
          "sem": 0.0,
          "ci95_low": 30.44136804049133,
          "ci95_high": 30.44136804049133
        },
        "r2": {
          "mean": -1639.8712204042515,
          "std": 0.0,
          "n": 1,
          "sem": 0.0,
          "ci95_low": -1639.8712204042515,
          "ci95_high": -1639.8712204042515
        },
        "direction_accuracy": {
          "mean": 0.4923173081931351,
          "std": 0.0,
          "n": 1,
          "sem": 0.0,
          "ci95_low": 0.4923173081931351,
          "ci95_high": 0.4923173081931351
        }
      },
      "timing_summary": {
        "training_time": {
          "mean": 0.447620153427124,
          "std": 0.0,
          "n": 1,
          "sem": 0.0,
          "ci95_low": 0.447620153427124,
          "ci95_high": 0.447620153427124
        },
        "inference_time": {
          "mean": 0.5894055366516113,
          "std": 0.0,
          "n": 1,
          "sem": 0.0,
          "ci95_low": 0.5894055366516113,
          "ci95_high": 0.5894055366516113
        }
      },
      "budget_summary": {
        "train_time_cap_seconds": 30.0,
        "memory_cap_mb": 4096.0,
        "tuning_trials_cap": 0,
        "out_of_budget_count": 0,
        "out_of_budget_rate": 0.0
      },
      "success": true,
      "significance_vs_best": {
        "best_approach": "Tree-Based (XGBoost)",
        "best_mean": 0.4410363604034135,
        "higher_is_better": false,
        "alpha": 0.05,
        "is_best": false,
        "mean_diff_vs_best": -66.89040493212595,
        "p_value": null,
        "cohens_d_vs_best": null,
        "significantly_better_than_best": false
      }
    },
    {
      "name": "Tree-Based (XGBoost)",
      "category": "tree",
      "success_rate": 1.0,
      "metrics_summary": {
        "mae": {
          "mean": 0.3516951425581684,
          "std": 0.0,
          "n": 1,
          "sem": 0.0,
          "ci95_low": 0.3516951425581684,
          "ci95_high": 0.3516951425581684
        },
        "mse": {
          "mean": 0.19451307119788963,
          "std": 0.0,
          "n": 1,
          "sem": 0.0,
          "ci95_low": 0.19451307119788963,
          "ci95_high": 0.19451307119788963
        },
        "rmse": {
          "mean": 0.4410363604034135,
          "std": 0.0,
          "n": 1,
          "sem": 0.0,
          "ci95_low": 0.4410363604034135,
          "ci95_high": 0.4410363604034135
        },
        "mape": {
          "mean": 56.389482694699424,
          "std": 0.0,
          "n": 1,
          "sem": 0.0,
          "ci95_low": 56.389482694699424,
          "ci95_high": 56.389482694699424
        },
        "smape": {
          "mean": 21.477434638832374,
          "std": 0.0,
          "n": 1,
          "sem": 0.0,
          "ci95_low": 21.477434638832374,
          "ci95_high": 21.477434638832374
        },
        "mase": {
          "mean": 0.18402610881188852,
          "std": 0.0,
          "n": 1,
          "sem": 0.0,
          "ci95_low": 0.18402610881188852,
          "ci95_high": 0.18402610881188852
        },
        "r2": {
          "mean": 0.9295975995998195,
          "std": 0.0,
          "n": 1,
          "sem": 0.0,
          "ci95_low": 0.9295975995998195,
          "ci95_high": 0.9295975995998195
        },
        "direction_accuracy": {
          "mean": 0.7855617480077087,
          "std": 0.0,
          "n": 1,
          "sem": 0.0,
          "ci95_low": 0.7855617480077087,
          "ci95_high": 0.7855617480077087
        }
      },
      "timing_summary": {
        "training_time": {
          "mean": 79.81149673461914,
          "std": 0.0,
          "n": 1,
          "sem": 0.0,
          "ci95_low": 79.81149673461914,
          "ci95_high": 79.81149673461914
        },
        "inference_time": {
          "mean": 0.05611991882324219,
          "std": 0.0,
          "n": 1,
          "sem": 0.0,
          "ci95_low": 0.05611991882324219,
          "ci95_high": 0.05611991882324219
        }
      },
      "budget_summary": {
        "train_time_cap_seconds": 30.0,
        "memory_cap_mb": 4096.0,
        "tuning_trials_cap": 0,
        "out_of_budget_count": 1,
        "out_of_budget_rate": 1.0
      },
      "success": true,
      "significance_vs_best": {
        "best_approach": "Tree-Based (XGBoost)",
        "best_mean": 0.4410363604034135,
        "higher_is_better": false,
        "alpha": 0.05,
        "is_best": true,
        "mean_diff_vs_best": 0.0,
        "p_value": 1.0,
        "cohens_d_vs_best": 0.0,
        "significantly_better_than_best": false
      }
    }
  ]
}